{"stat.useItem.3":35,"stat.useItem.351":190,"achievement.exploreAllBiomes":{"value":0,"progress":["Plains"]},"stat.useItem.324":8,"stat.useItem.126":289,"stat.useItem.30":27,"stat.useItem.89":4,"achievement.openInventory":281,"stat.damageDealt":10,"stat.useItem.96":46,"stat.useItem.50":16,"stat.useItem.259":2,"stat.useItem.323":1,"stat.useItem.5":402,"stat.flyOneCm":6033573,"stat.useItem.33":19,"stat.useItem.160":7,"stat.useItem.38":12,"stat.useItem.4":633,"stat.useItem.69":4,"stat.climbOneCm":594,"stat.useItem.45":1137,"stat.useItem.156":68,"stat.useItem.136":352,"stat.drop":21,"stat.useItem.18":573,"stat.useItem.135":338,"stat.useItem.155":471,"stat.leaveGame":37,"stat.diveOneCm":221,"stat.useItem.6":5,"stat.useItem.131":9,"stat.useItem.287":46,"stat.useItem.54":1,"stat.useItem.159":157,"stat.useItem.109":323,"stat.useItem.17":1500,"stat.useItem.134":326,"stat.useItem.85":247,"stat.useItem.57":4,"stat.playOneMinute":440992,"stat.useItem.37":15,"stat.useItem.108":169,"stat.swimOneCm":857,"stat.useItem.389":12,"stat.useItem.42":50,"stat.useItem.98":1280,"stat.walkOneCm":234226,"stat.useItem.77":4,"stat.useItem.145":2,"stat.useItem.35":2451,"stat.useItem.44":1016,"stat.useItem.67":1,"stat.jump":688,"stat.useItem.1":51,"stat.useItem.20":272,"stat.useItem.13":299,"stat.useItem.102":39,"stat.useItem.101":7}