{"stat.useItem.139":87,"stat.useItem.173":10,"stat.useItem.3":139,"stat.useItem.65":111,"stat.useItem.351":1756,"achievement.exploreAllBiomes":{"value":0,"progress":["Plains"]},"stat.useItem.324":12,"stat.useItem.24":29,"stat.useItem.172":104,"stat.useItem.126":96,"stat.useItem.53":161,"stat.useItem.25":7,"stat.useItem.143":2,"stat.useItem.89":9,"stat.useItem.46":600,"achievement.openInventory":467,"stat.damageDealt":200,"stat.useItem.23":1,"stat.useItem.96":63,"stat.useItem.50":3,"stat.useItem.259":4,"stat.useItem.5":922,"stat.useItem.323":9,"stat.useItem.31":16,"stat.useItem.111":1,"stat.useItem.293":7,"stat.flyOneCm":8615094,"stat.useItem.33":25,"stat.useItem.78":15,"stat.useItem.160":10,"stat.useItem.95":33,"stat.useItem.121":13,"stat.useItem.4":704,"stat.useItem.355":3,"stat.useItem.380":7,"stat.useItem.2260":1,"stat.useItem.69":71,"stat.climbOneCm":27767,"stat.useItem.45":1006,"stat.useItem.2261":1,"stat.useItem.156":166,"stat.useItem.52":4,"stat.useItem.87":2,"stat.useItem.136":9,"stat.drop":21,"stat.useItem.135":94,"stat.useItem.120":5,"stat.useItem.29":25,"stat.useItem.356":51,"stat.useItem.154":11,"achievement.mineWood":7,"stat.useItem.159":1101,"stat.useItem.106":604,"stat.useItem.17":507,"stat.useItem.84":3,"stat.playOneMinute":1077516,"stat.useItem.123":3,"stat.useItem.108":106,"stat.useItem.155":2559,"stat.useItem.70":26,"stat.useItem.76":32,"stat.leaveGame":16,"stat.diveOneCm":50139,"stat.useItem.6":2,"stat.useItem.158":2,"stat.useItem.131":2,"stat.useItem.330":22,"stat.useItem.287":5,"stat.useItem.54":102,"stat.useItem.109":38,"stat.useItem.134":9,"stat.useItem.85":281,"stat.useItem.80":104,"stat.useItem.116":1,"stat.useItem.107":5,"stat.useItem.58":1,"stat.swimOneCm":41750,"stat.killEntity.Skeleton":1,"stat.useItem.397":51,"stat.walkOneCm":2540871,"stat.useItem.77":18,"stat.useItem.145":4,"stat.useItem.35":448,"stat.useItem.44":1342,"stat.jump":1893,"stat.useItem.13":152,"stat.useItem.110":4,"stat.useItem.137":18,"stat.deaths":3,"stat.useItem.113":6,"stat.mobKills":1,"stat.useItem.42":118,"stat.useItem.389":2,"stat.useItem.171":95,"stat.useItem.98":1478,"stat.useItem.67":210,"stat.useItem.1":210,"stat.useItem.20":41,"stat.useItem.331":184,"stat.useItem.2265":2,"stat.useItem.102":1,"stat.useItem.2259":1,"stat.useItem.101":142}