{"stat.useItem.89":1,"stat.useItem.46":142,"achievement.openInventory":154,"stat.useItem.3":37,"stat.useItem.351":285,"achievement.exploreAllBiomes":{"value":0,"progress":["Plains"]},"stat.useItem.53":353,"stat.useItem.5":784,"stat.useItem.323":5,"stat.useItem.143":1,"stat.fallOneCm":1969,"stat.flyOneCm":6370992,"stat.useItem.69":32,"stat.climbOneCm":10197,"stat.useItem.45":4,"stat.drop":10,"stat.useItem.18":739,"stat.damageTaken":170,"stat.useItem.47":4,"stat.useItem.4":356,"stat.useItem.155":3,"stat.useItem.70":3,"stat.leaveGame":84,"stat.diveOneCm":14824,"stat.useItem.6":72,"stat.useItem.287":1,"stat.useItem.159":2,"stat.playOneMinute":730794,"stat.useItem.106":1430,"stat.useItem.109":1062,"stat.useItem.17":248,"stat.useItem.85":8,"stat.jump":537,"stat.useItem.1":125,"stat.swimOneCm":21800,"stat.useItem.20":1761,"stat.useItem.331":4,"stat.useItem.171":65,"stat.useItem.98":3771,"stat.walkOneCm":262446,"stat.useItem.35":169,"stat.useItem.44":1424,"stat.useItem.67":3}